{"cameraMode":{"drawMode":0,"name":"Shaded","section":"Shading Mode"},"sceneLighting":true,"audioPlay":false,"sceneViewState":{"m_AlwaysRefresh":false,"showFog":true,"showSkybox":true,"showFlares":true,"showImageEffects":true,"showParticleSystems":true,"showVisualEffectGraphs":true,"m_FxEnabled":true},"in2DMode":false,"pivot":{"x":295.3930969238281,"y":28.808799743652345,"z":211.19395446777345},"rotation":{"x":0.07193029671907425,"y":-0.014659160748124123,"z":0.0010573919862508774,"w":0.997302234172821},"size":11.56213092803955,"orthographic":true}